[
    {
        "name": "QA",
        "tenantId": "9134ca48-663d-4a05-968a-31a42f0aed3e",
        "clientId": "805be024-a208-40fb-ab6f-399c2647d334",
        "baseUrl": "https://filesqa.admiralty.co.uk"
    },
    {
        "name": "Production",
        "tenantId": "9134ca48-663d-4a05-968a-31a42f0aed3e",
        "clientId": "30cc156d-765f-43ea-8c84-a97d5b8ce852",
        "baseUrl": "https://files.admiralty.co.uk"
    },
  {
    "name": "Dev",
    "tenantId": "9134ca48-663d-4a05-968a-31a42f0aed3e",
    "clientId": "3ec9403b-8299-4a90-8ecc-07ee6642109f",
    "baseUrl": "https://filesdev.admiralty.co.uk"
  },
  {
    "name": "vNextE2E",
    "tenantId": "9134ca48-663d-4a05-968a-31a42f0aed3e",
    "clientId": "75024e65-2fbc-4740-b874-ac314df6a49e",
    "baseUrl": "https://fss-vnexte2e-webapp.azurewebsites.net"
  },
  {
    "name": "vNextIAT",
    "tenantId": "9134ca48-663d-4a05-968a-31a42f0aed3e",
    "clientId": "8be2c976-98b8-42d5-a7bb-f5d2309f912e",
    "baseUrl": "https://fss-vnextiat-webapp.azurewebsites.net"
  }
]